{"2023-04-21": {"tran_thanh": {"check-in": 1682026843.159212, "check-out": 1682026876.16442}}}